-- --------------------------------------------------------
-- Host:                         127.0.0.1
-- Server version:               10.4.24-MariaDB - mariadb.org binary distribution
-- Server OS:                    Win64
-- HeidiSQL Version:             12.1.0.6537
-- --------------------------------------------------------

/*!40101 SET @OLD_CHARACTER_SET_CLIENT=@@CHARACTER_SET_CLIENT */;
/*!40101 SET NAMES utf8 */;
/*!50503 SET NAMES utf8mb4 */;
/*!40103 SET @OLD_TIME_ZONE=@@TIME_ZONE */;
/*!40103 SET TIME_ZONE='+00:00' */;
/*!40014 SET @OLD_FOREIGN_KEY_CHECKS=@@FOREIGN_KEY_CHECKS, FOREIGN_KEY_CHECKS=0 */;
/*!40101 SET @OLD_SQL_MODE=@@SQL_MODE, SQL_MODE='NO_AUTO_VALUE_ON_ZERO' */;
/*!40111 SET @OLD_SQL_NOTES=@@SQL_NOTES, SQL_NOTES=0 */;


-- Dumping database structure for bd_praia
CREATE DATABASE IF NOT EXISTS `bd_praia` /*!40100 DEFAULT CHARACTER SET utf8mb4 */;
USE `bd_praia`;

-- Dumping structure for table bd_praia.tb_dias
CREATE TABLE IF NOT EXISTS `tb_dias` (
  `id_dia` int(11) NOT NULL AUTO_INCREMENT,
  `dia` varchar(255) NOT NULL,
  `estado` int(11) DEFAULT NULL,
  PRIMARY KEY (`id_dia`)
) ENGINE=InnoDB AUTO_INCREMENT=43 DEFAULT CHARSET=utf8mb4;

-- Dumping data for table bd_praia.tb_dias: ~42 rows (approximately)
INSERT INTO `tb_dias` (`id_dia`, `dia`, `estado`) VALUES
	(1, '8/1/2022', 0),
	(2, '8/2/2022', 0),
	(3, '8/3/2022', 0),
	(4, '8/4/2022', 0),
	(5, '8/5/2022', 0),
	(6, '8/6/2022', 0),
	(7, '8/7/2022', 0),
	(8, '8/8/2022', 0),
	(9, '8/9/2022', 0),
	(10, '8/10/2022', 0),
	(11, '8/11/2022', 0),
	(12, '8/12/2022', 0),
	(13, '8/13/2022', 0),
	(14, '8/14/2022', 0),
	(15, '8/15/2022', 0),
	(16, '8/16/2022', 0),
	(17, '8/17/2022', 0),
	(18, '8/18/2022', 0),
	(19, '8/19/2022', 0),
	(20, '8/20/2022', 0),
	(21, '8/21/2022', 0),
	(22, '8/22/2022', 0),
	(23, '8/23/2022', 0),
	(24, '8/24/2022', 0),
	(25, '8/25/2022', 0),
	(26, '8/26/2022', 0),
	(27, '8/27/2022', 0),
	(28, '8/28/2022', 0),
	(29, '8/29/2022', 0),
	(30, '8/30/2022', 0),
	(31, '8/31/2022', 0),
	(32, '9/1/2022', 1),
	(33, '9/2/2022', 1),
	(34, '9/3/2022', 1),
	(35, '9/4/2022', 1),
	(36, '9/5/2022', 1),
	(37, '9/6/2022', 1),
	(38, '9/7/2022', 1),
	(39, '9/8/2022', 1),
	(40, '9/9/2022', 1),
	(41, '9/10/2022', 1),
	(42, '9/11/2022', 1);

-- Dumping structure for table bd_praia.tb_disponibilidade
CREATE TABLE IF NOT EXISTS `tb_disponibilidade` (
  `id_nadador` int(11) DEFAULT NULL,
  `id_dia` int(11) DEFAULT NULL,
  `Manhã` tinyint(1) DEFAULT NULL,
  `Tarde` tinyint(1) DEFAULT NULL,
  KEY `id_nadador` (`id_nadador`) USING BTREE,
  KEY `id_dia` (`id_dia`) USING BTREE,
  CONSTRAINT `tb_disponibilidade_ibfk_1` FOREIGN KEY (`id_nadador`) REFERENCES `tb_nadadores` (`id_nadador`),
  CONSTRAINT `tb_disponibilidade_ibfk_2` FOREIGN KEY (`id_dia`) REFERENCES `tb_dias` (`id_dia`)
) ENGINE=InnoDB DEFAULT CHARSET=utf8mb4 ROW_FORMAT=DYNAMIC;

-- Dumping data for table bd_praia.tb_disponibilidade: ~1,325 rows (approximately)
INSERT INTO `tb_disponibilidade` (`id_nadador`, `id_dia`, `Manhã`, `Tarde`) VALUES
	(19718, 2, 1, 1),
	(19718, 4, 1, 1),
	(19718, 6, 1, 1),
	(19718, 7, 1, 1),
	(19718, 9, 1, 1),
	(19718, 11, 1, 1),
	(19718, 13, 1, 1),
	(19718, 14, 1, 1),
	(19718, 16, 1, 1),
	(19718, 18, 1, 1),
	(19718, 20, 1, 1),
	(19718, 23, 1, 1),
	(19718, 25, 1, 1),
	(19718, 27, 1, 1),
	(19718, 28, 1, 1),
	(19718, 30, 1, 1),
	(16373, 17, 1, 1),
	(16373, 18, 1, 1),
	(16373, 19, 1, 1),
	(16373, 20, 1, 1),
	(16373, 21, 1, 1),
	(16373, 22, 1, 1),
	(16373, 23, 1, 1),
	(16373, 24, 1, 1),
	(16373, 25, 1, 1),
	(16373, 26, 1, 1),
	(16373, 27, 1, 1),
	(16373, 28, 1, 1),
	(16373, 29, 1, 1),
	(16373, 30, 1, 1),
	(16373, 31, 1, 1),
	(20076, 2, 1, 1),
	(20076, 3, 1, 1),
	(20076, 5, 1, 1),
	(20076, 15, 1, 1),
	(20076, 21, 1, 0),
	(20076, 23, 1, 1),
	(20076, 29, 1, 1),
	(20076, 31, 1, 1),
	(20934, 1, 1, 1),
	(20934, 3, 1, 1),
	(20934, 7, 1, 1),
	(20934, 8, 1, 1),
	(20934, 10, 1, 1),
	(20934, 12, 0, 1),
	(20934, 13, 1, 1),
	(20934, 14, 1, 1),
	(20934, 16, 1, 1),
	(20934, 17, 1, 1),
	(20934, 18, 1, 1),
	(20934, 19, 1, 1),
	(20934, 20, 1, 1),
	(20934, 22, 1, 1),
	(20934, 23, 1, 1),
	(20934, 24, 1, 1),
	(20934, 25, 1, 1),
	(20934, 26, 1, 1),
	(20934, 27, 1, 1),
	(20934, 28, 1, 1),
	(20934, 29, 1, 1),
	(20934, 30, 1, 1),
	(20934, 31, 1, 1),
	(15628, 6, 1, 1),
	(15628, 7, 1, 1),
	(15628, 10, 0, 0),
	(15628, 11, 1, 1),
	(15628, 12, 1, 1),
	(15628, 14, 1, 1),
	(15628, 15, 1, 1),
	(15628, 16, 1, 1),
	(15628, 17, 1, 1),
	(15628, 18, 1, 1),
	(15628, 19, 1, 1),
	(15628, 30, 1, 1),
	(15628, 31, 1, 1),
	(19547, 4, 1, 1),
	(19547, 5, 1, 1),
	(19547, 8, 1, 1),
	(19547, 10, 1, 1),
	(19547, 11, 1, 1),
	(19547, 12, 1, 1),
	(19547, 15, 1, 1),
	(19547, 16, 1, 1),
	(19547, 17, 1, 1),
	(19547, 19, 1, 1),
	(19547, 22, 1, 1),
	(19547, 23, 1, 1),
	(19547, 24, 1, 1),
	(19547, 25, 1, 1),
	(19547, 26, 1, 1),
	(11380, 13, 1, 1),
	(11380, 14, 1, 1),
	(11380, 20, 1, 1),
	(11380, 27, 1, 1),
	(19542, 1, 1, 1),
	(19542, 5, 1, 1),
	(19542, 8, 1, 1),
	(19542, 12, 1, 1),
	(19542, 15, 1, 1),
	(19542, 19, 1, 1),
	(19542, 22, 1, 1),
	(19542, 24, 1, 1),
	(19542, 29, 1, 1),
	(19539, 3, 1, 1),
	(19539, 10, 1, 1),
	(19539, 12, 1, 1),
	(19539, 13, 1, 1),
	(19539, 14, 1, 1),
	(19539, 15, 1, 1),
	(19539, 16, 1, 1),
	(19539, 17, 1, 1),
	(19539, 18, 1, 1),
	(19539, 19, 1, 1),
	(19539, 31, 1, 1),
	(16174, 1, 1, 1),
	(16174, 2, 1, 1),
	(16174, 3, 1, 1),
	(16174, 4, 1, 1),
	(16174, 5, 1, 1),
	(16174, 6, 1, 1),
	(16174, 7, 1, 1),
	(16174, 8, 1, 1),
	(16174, 9, 1, 1),
	(16174, 10, 1, 1),
	(16174, 11, 1, 1),
	(16174, 12, 1, 1),
	(16174, 13, 1, 1),
	(16174, 14, 1, 1),
	(16174, 15, 1, 1),
	(16174, 16, 1, 1),
	(16174, 17, 1, 1),
	(16174, 18, 1, 1),
	(16174, 19, 1, 1),
	(16174, 22, 1, 1),
	(16174, 23, 1, 1),
	(16174, 24, 1, 1),
	(16174, 25, 1, 1),
	(16174, 26, 1, 1),
	(16174, 27, 1, 1),
	(16174, 28, 1, 1),
	(16174, 29, 1, 1),
	(16174, 31, 1, 1),
	(16186, 1, 1, 1),
	(16186, 2, 1, 1),
	(16186, 3, 1, 1),
	(16186, 4, 1, 1),
	(16186, 5, 1, 1),
	(16186, 6, 1, 1),
	(16186, 7, 1, 1),
	(16186, 8, 1, 1),
	(16186, 9, 1, 1),
	(16186, 10, 1, 1),
	(16186, 11, 1, 1),
	(16186, 12, 1, 1),
	(16186, 13, 1, 1),
	(16186, 14, 1, 1),
	(16186, 15, 1, 1),
	(16186, 16, 1, 1),
	(16186, 17, 1, 1),
	(16186, 22, 1, 1),
	(16186, 23, 1, 1),
	(16186, 24, 1, 1),
	(16186, 25, 1, 1),
	(16186, 26, 1, 1),
	(16186, 27, 1, 1),
	(16186, 28, 1, 1),
	(16186, 29, 1, 1),
	(16186, 30, 1, 1),
	(16186, 31, 1, 1),
	(13197, 6, 1, 1),
	(13197, 7, 1, 1),
	(13197, 13, 1, 1),
	(13197, 14, 1, 1),
	(13197, 15, 1, 1),
	(13197, 16, 1, 1),
	(13197, 17, 1, 1),
	(13197, 18, 1, 1),
	(13197, 19, 1, 1),
	(13197, 22, 1, 1),
	(13197, 23, 1, 1),
	(13197, 24, 1, 1),
	(13197, 25, 1, 1),
	(13197, 26, 1, 1),
	(13197, 27, 1, 1),
	(13197, 28, 1, 1),
	(13197, 29, 1, 1),
	(13197, 30, 1, 1),
	(19735, 13, 1, 1),
	(19735, 14, 1, 1),
	(19735, 15, 1, 1),
	(19735, 16, 1, 1),
	(19735, 17, 1, 1),
	(19735, 18, 1, 1),
	(19735, 19, 1, 1),
	(19735, 20, 1, 1),
	(19735, 21, 1, 1),
	(19735, 22, 1, 1),
	(19735, 23, 1, 1),
	(19735, 24, 1, 1),
	(19735, 25, 1, 1),
	(19735, 26, 1, 1),
	(19735, 27, 1, 1),
	(19735, 28, 1, 1),
	(19803, 1, 1, 1),
	(19803, 2, 1, 1),
	(19803, 3, 1, 1),
	(19803, 4, 1, 1),
	(19803, 5, 1, 1),
	(19803, 6, 1, 1),
	(19803, 7, 1, 1),
	(19803, 8, 1, 1),
	(19803, 9, 1, 1),
	(19803, 10, 1, 1),
	(19803, 11, 1, 1),
	(19803, 12, 1, 1),
	(19803, 13, 1, 1),
	(19803, 14, 1, 1),
	(19803, 15, 1, 1),
	(19803, 16, 1, 1),
	(19803, 17, 1, 1),
	(19803, 18, 1, 1),
	(19803, 19, 1, 1),
	(19803, 20, 1, 1),
	(19803, 21, 1, 1),
	(19803, 22, 1, 1),
	(19803, 23, 1, 1),
	(19803, 24, 1, 1),
	(19803, 25, 1, 1),
	(19803, 26, 1, 1),
	(19803, 27, 1, 1),
	(19803, 28, 1, 1),
	(19803, 29, 1, 1),
	(19803, 30, 1, 1),
	(19803, 31, 1, 1),
	(18789, 1, 1, 1),
	(18789, 2, 1, 1),
	(18789, 3, 1, 1),
	(18789, 4, 1, 1),
	(18789, 5, 1, 1),
	(18789, 6, 1, 1),
	(18789, 7, 1, 1),
	(18789, 8, 1, 1),
	(18789, 9, 1, 1),
	(18789, 10, 1, 1),
	(18789, 11, 1, 1),
	(18789, 12, 1, 1),
	(18789, 13, 1, 1),
	(18789, 14, 1, 1),
	(18789, 15, 1, 1),
	(18789, 16, 1, 1),
	(18789, 17, 1, 1),
	(18789, 18, 1, 1),
	(18789, 19, 1, 1),
	(18789, 20, 1, 1),
	(18789, 21, 1, 1),
	(18789, 22, 1, 1),
	(18789, 23, 1, 1),
	(18789, 24, 1, 1),
	(18789, 25, 1, 1),
	(18789, 26, 1, 1),
	(18789, 27, 1, 1),
	(18789, 28, 1, 1),
	(18789, 29, 1, 1),
	(18789, 30, 1, 1),
	(18789, 31, 1, 1),
	(20078, 1, 1, 1),
	(20078, 2, 1, 1),
	(20078, 3, 1, 1),
	(20078, 4, 1, 1),
	(20078, 8, 1, 1),
	(20078, 9, 1, 1),
	(20078, 10, 1, 1),
	(20078, 11, 1, 1),
	(20078, 12, 1, 1),
	(20078, 15, 1, 1),
	(20078, 16, 1, 1),
	(20078, 17, 1, 1),
	(20078, 18, 1, 1),
	(20078, 19, 1, 1),
	(20078, 20, 1, 1),
	(20078, 21, 1, 1),
	(20078, 22, 1, 1),
	(20078, 23, 1, 1),
	(20078, 24, 1, 1),
	(20078, 25, 1, 1),
	(20078, 26, 1, 1),
	(20078, 27, 1, 1),
	(20078, 28, 1, 1),
	(20078, 29, 1, 1),
	(20078, 30, 1, 1),
	(20078, 31, 1, 1),
	(14011, 2, 0, 1),
	(14011, 3, 1, 1),
	(14011, 5, 1, 1),
	(14011, 6, 0, 1),
	(14011, 9, 1, 1),
	(14011, 10, 0, 1),
	(14011, 11, 1, 1),
	(14011, 13, 1, 1),
	(14011, 15, 1, 1),
	(14011, 17, 1, 1),
	(14011, 18, 0, 1),
	(14011, 19, 1, 1),
	(14011, 22, 0, 1),
	(14011, 23, 1, 1),
	(14011, 25, 1, 1),
	(14011, 26, 0, 1),
	(12138, 2, 0, 1),
	(12138, 3, 1, 1),
	(12138, 5, 1, 1),
	(12138, 6, 0, 1),
	(12138, 9, 1, 1),
	(12138, 10, 0, 1),
	(12138, 11, 1, 1),
	(12138, 13, 1, 1),
	(12138, 15, 1, 1),
	(12138, 17, 1, 1),
	(12138, 18, 0, 1),
	(12138, 19, 1, 1),
	(12138, 22, 0, 1),
	(12138, 23, 1, 1),
	(12138, 25, 1, 1),
	(12138, 26, 0, 1),
	(21278, 1, 1, 1),
	(21278, 2, 1, 1),
	(21278, 3, 1, 1),
	(21278, 4, 1, 1),
	(21278, 5, 1, 1),
	(21278, 6, 1, 0),
	(21278, 7, 1, 1),
	(21278, 8, 1, 1),
	(21278, 9, 1, 1),
	(21278, 10, 1, 1),
	(21278, 11, 1, 1),
	(21278, 12, 1, 1),
	(21278, 13, 1, 1),
	(21278, 14, 1, 1),
	(21278, 15, 1, 1),
	(21278, 16, 1, 1),
	(21278, 17, 1, 1),
	(21278, 18, 1, 1),
	(21278, 19, 1, 1),
	(21278, 20, 1, 1),
	(21278, 21, 1, 1),
	(21278, 22, 1, 1),
	(21278, 23, 1, 1),
	(21278, 24, 1, 1),
	(21278, 25, 1, 0),
	(21278, 26, 1, 1),
	(21278, 27, 1, 1),
	(21278, 28, 1, 1),
	(21278, 29, 1, 1),
	(21278, 30, 1, 1),
	(21278, 31, 1, 1),
	(21280, 1, 1, 1),
	(21280, 2, 1, 1),
	(21280, 4, 1, 1),
	(21280, 5, 0, 0),
	(21280, 6, 1, 1),
	(21280, 7, 1, 1),
	(21280, 8, 1, 1),
	(21280, 10, 1, 1),
	(21279, 26, 1, 1),
	(21279, 27, 1, 1),
	(21279, 28, 1, 1),
	(21279, 29, 1, 1),
	(21279, 30, 1, 1),
	(21279, 31, 1, 1),
	(12345, 1, 1, 1),
	(12345, 2, 1, 1),
	(12345, 3, 1, 1),
	(12345, 4, 1, 1),
	(12345, 5, 1, 1),
	(12345, 6, 1, 1),
	(12345, 7, 1, 1),
	(12345, 8, 1, 1),
	(12345, 9, 1, 1),
	(12345, 10, 1, 1),
	(12345, 11, 1, 1),
	(12345, 12, 1, 1),
	(12345, 13, 1, 1),
	(12345, 14, 1, 1),
	(12345, 15, 1, 1),
	(12345, 17, 1, 1),
	(12345, 19, 1, 1),
	(12345, 20, 1, 1),
	(12345, 21, 1, 1),
	(12345, 30, 1, 1),
	(12345, 31, 1, 1),
	(21123, 8, 1, 1),
	(21123, 9, 1, 1),
	(21123, 10, 1, 1),
	(21123, 11, 1, 1),
	(21123, 22, 1, 1),
	(21632, 2, 1, 1),
	(21632, 3, 1, 1),
	(21632, 4, 1, 1),
	(21632, 5, 1, 1),
	(21632, 6, 1, 1),
	(21632, 7, 1, 1),
	(21632, 8, 1, 1),
	(21632, 10, 1, 1),
	(21632, 11, 1, 1),
	(21632, 12, 1, 1),
	(21632, 13, 1, 1),
	(21632, 15, 1, 1),
	(21632, 16, 1, 1),
	(21632, 17, 1, 1),
	(21632, 18, 1, 1),
	(21632, 19, 1, 1),
	(21632, 30, 1, 1),
	(21632, 31, 1, 1),
	(23818, 1, 1, 1),
	(23818, 2, 0, 0),
	(23818, 3, 0, 0),
	(23818, 4, 1, 1),
	(23818, 5, 1, 1),
	(23818, 6, 1, 1),
	(23818, 8, 1, 1),
	(23818, 9, 1, 1),
	(23818, 10, 1, 1),
	(23818, 11, 1, 1),
	(23818, 12, 1, 1),
	(23818, 13, 1, 1),
	(23818, 14, 1, 1),
	(23818, 15, 1, 1),
	(23818, 16, 1, 1),
	(23818, 17, 1, 1),
	(23818, 18, 1, 1),
	(23818, 19, 1, 1),
	(23818, 20, 1, 1),
	(23818, 21, 1, 1),
	(23818, 22, 1, 1),
	(23818, 23, 1, 1),
	(23818, 24, 0, 0),
	(23818, 25, 0, 0),
	(23818, 26, 0, 0),
	(23818, 28, 0, 0),
	(23818, 29, 0, 0),
	(23818, 30, 1, 1),
	(23818, 31, 0, 0),
	(21616, 6, 1, 1),
	(21616, 7, 1, 1),
	(21616, 13, 1, 1),
	(21616, 14, 1, 1),
	(21616, 20, 1, 1),
	(21616, 21, 1, 1),
	(21616, 27, 1, 1),
	(21616, 28, 1, 1),
	(21631, 4, 1, 1),
	(21631, 5, 1, 1),
	(21631, 6, 1, 1),
	(21631, 7, 1, 0),
	(21631, 19, 1, 1),
	(21631, 20, 1, 1),
	(21631, 21, 1, 1),
	(21631, 22, 1, 1),
	(21631, 23, 1, 1),
	(21631, 24, 1, 1),
	(21631, 25, 1, 1),
	(21631, 26, 1, 1),
	(21631, 29, 1, 1),
	(21631, 30, 1, 1),
	(21631, 31, 1, 1),
	(21368, 1, 1, 1),
	(21368, 5, 1, 1),
	(21368, 6, 1, 1),
	(21368, 7, 1, 1),
	(21368, 16, 1, 1),
	(21368, 17, 1, 1),
	(21368, 22, 1, 1),
	(21368, 23, 1, 1),
	(21368, 24, 1, 1),
	(21368, 25, 1, 1),
	(21368, 26, 1, 1),
	(21849, 1, 1, 1),
	(21849, 2, 1, 1),
	(21849, 3, 1, 0),
	(21849, 4, 1, 1),
	(21849, 5, 1, 1),
	(21849, 8, 1, 1),
	(21849, 9, 1, 1),
	(21849, 10, 1, 0),
	(21849, 11, 1, 1),
	(21849, 12, 1, 1),
	(21813, 1, 1, 1),
	(21813, 2, 1, 1),
	(21813, 3, 1, 1),
	(21813, 4, 1, 1),
	(21813, 5, 1, 1),
	(21813, 6, 1, 1),
	(21813, 7, 1, 1),
	(21813, 8, 1, 1),
	(21813, 9, 1, 1),
	(21813, 10, 1, 1),
	(21813, 11, 1, 1),
	(21813, 12, 1, 1),
	(21813, 13, 1, 1),
	(21813, 14, 1, 1),
	(21813, 15, 1, 1),
	(21813, 16, 1, 1),
	(21813, 17, 1, 1),
	(21813, 18, 1, 1),
	(21813, 19, 1, 1),
	(21813, 20, 1, 1),
	(21813, 21, 1, 1),
	(21813, 22, 1, 1),
	(21813, 23, 1, 1),
	(21813, 24, 1, 1),
	(21813, 25, 1, 1),
	(21813, 26, 1, 1),
	(21813, 27, 1, 1),
	(21813, 28, 1, 1),
	(21813, 29, 1, 1),
	(21813, 30, 1, 1),
	(21813, 31, 1, 1),
	(21811, 1, 1, 1),
	(21811, 2, 1, 1),
	(21811, 3, 1, 1),
	(21811, 4, 1, 1),
	(21811, 5, 1, 1),
	(21811, 6, 1, 1),
	(21811, 7, 1, 1),
	(21811, 8, 1, 1),
	(21811, 9, 1, 1),
	(21811, 10, 1, 1),
	(21811, 11, 1, 1),
	(21811, 12, 1, 1),
	(21811, 13, 1, 1),
	(21811, 14, 1, 1),
	(21811, 15, 1, 1),
	(21811, 16, 1, 1),
	(21811, 17, 1, 1),
	(21811, 18, 1, 1),
	(21811, 19, 1, 1),
	(21811, 20, 1, 1),
	(21811, 21, 1, 1),
	(21811, 30, 1, 1),
	(21811, 31, 1, 1),
	(19719, 1, 1, 1),
	(19719, 2, 1, 1),
	(19719, 3, 1, 1),
	(19719, 4, 1, 1),
	(19719, 5, 1, 1),
	(19719, 6, 1, 1),
	(19719, 7, 1, 1),
	(19719, 8, 1, 1),
	(19719, 9, 1, 1),
	(19719, 10, 1, 1),
	(19719, 11, 1, 1),
	(19719, 12, 1, 1),
	(19719, 13, 1, 1),
	(19719, 14, 1, 1),
	(19719, 15, 1, 1),
	(19719, 16, 1, 1),
	(19719, 17, 1, 1),
	(19719, 18, 1, 1),
	(19719, 19, 1, 1),
	(19719, 20, 1, 1),
	(19719, 21, 1, 1),
	(19719, 22, 1, 1),
	(19719, 23, 1, 1),
	(19719, 24, 1, 1),
	(19719, 25, 1, 1),
	(19719, 26, 1, 1),
	(19719, 27, 1, 1),
	(19719, 28, 1, 1),
	(19719, 29, 1, 1),
	(19719, 30, 1, 1),
	(19719, 31, 1, 1),
	(21825, 8, 0, 0),
	(21825, 9, 1, 1),
	(21825, 10, 0, 0),
	(21825, 11, 1, 1),
	(21825, 12, 1, 1),
	(21825, 15, 1, 1),
	(21825, 16, 1, 1),
	(21825, 17, 1, 1),
	(21825, 18, 1, 1),
	(21825, 19, 1, 1),
	(21825, 20, 1, 1),
	(21825, 21, 0, 1),
	(21825, 22, 1, 1),
	(21825, 24, 1, 1),
	(21825, 26, 1, 1),
	(21825, 27, 1, 1),
	(21825, 28, 0, 1),
	(21822, 1, 1, 1),
	(21822, 2, 1, 1),
	(21822, 3, 1, 1),
	(21822, 4, 1, 1),
	(21822, 5, 1, 1),
	(21822, 8, 1, 1),
	(21822, 9, 1, 1),
	(21822, 10, 1, 1),
	(21822, 11, 1, 1),
	(21822, 12, 1, 1),
	(21822, 13, 1, 1),
	(21822, 14, 1, 1),
	(21822, 15, 1, 1),
	(21822, 16, 1, 1),
	(21822, 17, 1, 1),
	(21822, 18, 1, 1),
	(21822, 22, 1, 1),
	(21822, 23, 1, 1),
	(21822, 24, 1, 1),
	(21822, 29, 1, 1),
	(21822, 30, 1, 1),
	(21822, 31, 1, 1),
	(22402, 1, 1, 1),
	(22402, 2, 1, 1),
	(22402, 3, 1, 1),
	(22402, 4, 1, 1),
	(22402, 5, 1, 1),
	(22402, 7, 1, 1),
	(22402, 8, 1, 1),
	(22402, 9, 1, 1),
	(22402, 10, 1, 1),
	(22402, 11, 1, 1),
	(22402, 14, 1, 1),
	(22402, 15, 1, 1),
	(22402, 16, 1, 1),
	(22402, 17, 1, 1),
	(22402, 18, 1, 1),
	(22402, 19, 1, 1),
	(22402, 21, 1, 1),
	(22402, 22, 1, 1),
	(22402, 23, 1, 1),
	(22402, 24, 1, 1),
	(22402, 25, 1, 1),
	(21634, 1, 1, 1),
	(21634, 3, 1, 1),
	(21634, 4, 1, 1),
	(21634, 6, 1, 1),
	(21634, 8, 1, 1),
	(21634, 10, 1, 1),
	(21634, 11, 1, 1),
	(21634, 13, 1, 1),
	(21634, 15, 1, 1),
	(21634, 17, 1, 1),
	(21634, 18, 1, 1),
	(21634, 20, 1, 1),
	(21634, 21, 1, 1),
	(21634, 22, 1, 1),
	(21634, 24, 1, 1),
	(21634, 25, 1, 1),
	(21814, 8, 1, 1),
	(21814, 9, 1, 1),
	(21814, 10, 1, 1),
	(21814, 11, 1, 1),
	(21814, 13, 1, 1),
	(21814, 14, 1, 1),
	(21814, 15, 1, 0),
	(21814, 24, 0, 1),
	(21814, 25, 1, 1),
	(21814, 26, 1, 1),
	(21814, 27, 1, 1),
	(21814, 29, 1, 1),
	(21814, 30, 1, 1),
	(22793, 5, 1, 0),
	(22793, 6, 1, 0),
	(22793, 8, 1, 1),
	(22793, 10, 1, 1),
	(22793, 12, 1, 1),
	(22793, 13, 1, 0),
	(22793, 29, 1, 1),
	(22793, 31, 1, 1),
	(22766, 18, 1, 1),
	(22766, 19, 1, 1),
	(22766, 22, 1, 1),
	(22766, 23, 1, 1),
	(22766, 24, 1, 1),
	(22766, 25, 1, 1),
	(22766, 26, 1, 1),
	(22766, 29, 1, 1),
	(22766, 30, 1, 1),
	(22766, 31, 1, 1),
	(22400, 1, 1, 1),
	(22400, 2, 1, 1),
	(22400, 3, 1, 1),
	(22400, 4, 1, 1),
	(22400, 5, 1, 1),
	(22400, 6, 1, 1),
	(22400, 7, 1, 1),
	(22400, 8, 1, 1),
	(22400, 9, 1, 1),
	(22400, 10, 1, 1),
	(22400, 11, 1, 1),
	(22400, 12, 1, 1),
	(22400, 13, 1, 1),
	(22400, 14, 1, 1),
	(22400, 15, 1, 1),
	(22400, 16, 1, 1),
	(22400, 17, 1, 1),
	(22400, 18, 1, 1),
	(22400, 19, 1, 1),
	(22400, 20, 1, 1),
	(22400, 21, 1, 1),
	(22400, 22, 1, 1),
	(22400, 23, 1, 1),
	(22400, 24, 1, 1),
	(22400, 25, 1, 1),
	(22400, 26, 1, 1),
	(22400, 27, 1, 1),
	(22400, 28, 1, 1),
	(23000, 1, 1, 1),
	(23000, 2, 1, 1),
	(23000, 10, 1, 1),
	(23000, 11, 1, 1),
	(23000, 12, 1, 1),
	(23000, 13, 1, 1),
	(23000, 15, 1, 1),
	(23000, 16, 1, 1),
	(23000, 17, 1, 1),
	(23000, 18, 1, 1),
	(23000, 19, 1, 1),
	(23000, 22, 1, 1),
	(23000, 23, 1, 1),
	(23000, 24, 1, 1),
	(23000, 25, 1, 1),
	(23000, 26, 1, 1),
	(23000, 27, 0, 0),
	(23000, 28, 1, 1),
	(23000, 29, 1, 1),
	(23000, 30, 1, 1),
	(23000, 31, 1, 1),
	(22610, 1, 1, 0),
	(22610, 2, 1, 0),
	(22610, 3, 1, 1),
	(22610, 4, 1, 1),
	(22610, 5, 1, 0),
	(22610, 6, 1, 1),
	(22610, 7, 1, 1),
	(22610, 8, 1, 0),
	(22610, 9, 1, 0),
	(22610, 11, 1, 1),
	(22610, 12, 1, 0),
	(22610, 13, 1, 1),
	(22610, 15, 0, 0),
	(22610, 16, 1, 0),
	(22610, 17, 1, 1),
	(22610, 18, 1, 1),
	(22610, 19, 1, 0),
	(22610, 21, 1, 1),
	(22610, 22, 1, 0),
	(22610, 23, 1, 0),
	(22610, 24, 1, 1),
	(22610, 25, 1, 1),
	(22610, 26, 1, 0),
	(22610, 27, 1, 1),
	(22610, 28, 1, 1),
	(22610, 29, 1, 0),
	(22610, 30, 1, 0),
	(22610, 31, 1, 1),
	(22600, 1, 1, 1),
	(22600, 2, 1, 1),
	(22600, 3, 1, 1),
	(22600, 5, 1, 1),
	(22600, 8, 1, 1),
	(22600, 9, 1, 1),
	(22600, 10, 1, 1),
	(22600, 12, 1, 1),
	(22600, 15, 1, 1),
	(22600, 16, 1, 1),
	(22600, 17, 1, 1),
	(22600, 19, 1, 1),
	(22600, 20, 1, 1),
	(22600, 22, 1, 1),
	(22600, 23, 1, 1),
	(22600, 24, 1, 1),
	(22600, 26, 1, 1),
	(22600, 27, 1, 1),
	(22600, 29, 1, 1),
	(22600, 30, 1, 1),
	(22600, 31, 1, 1),
	(14500, 12, 1, 1),
	(14500, 13, 1, 0),
	(14500, 14, 0, 0),
	(14500, 15, 0, 0),
	(14500, 16, 1, 1),
	(14500, 17, 1, 1),
	(14500, 18, 1, 1),
	(14500, 19, 1, 1),
	(14500, 21, 1, 1),
	(14500, 22, 1, 1),
	(14500, 23, 1, 1),
	(22561, 1, 1, 1),
	(22561, 2, 1, 1),
	(22561, 3, 1, 1),
	(22561, 4, 1, 1),
	(22561, 5, 1, 1),
	(22561, 7, 1, 1),
	(22561, 8, 1, 1),
	(22561, 9, 1, 1),
	(22561, 10, 1, 1),
	(22561, 12, 1, 1),
	(22561, 15, 1, 1),
	(22561, 16, 1, 1),
	(22561, 18, 1, 1),
	(22561, 19, 1, 1),
	(22561, 21, 1, 1),
	(22561, 22, 1, 1),
	(22561, 23, 1, 1),
	(22561, 24, 1, 1),
	(22561, 25, 1, 1),
	(22561, 26, 1, 1),
	(22561, 28, 1, 1),
	(22561, 29, 1, 1),
	(22561, 30, 1, 1),
	(17738, 10, 0, 1),
	(17738, 16, 1, 0),
	(17738, 19, 1, 1),
	(17738, 22, 1, 0),
	(17738, 24, 0, 1),
	(17738, 25, 1, 1),
	(17738, 26, 1, 1),
	(17738, 29, 1, 0),
	(22892, 1, 1, 1),
	(22892, 2, 1, 1),
	(22892, 3, 1, 1),
	(22892, 4, 1, 1),
	(22892, 5, 1, 1),
	(22892, 6, 1, 1),
	(22892, 7, 1, 1),
	(22892, 8, 1, 1),
	(22892, 9, 1, 1),
	(22892, 10, 1, 1),
	(22892, 11, 1, 1),
	(22892, 12, 1, 1),
	(22892, 13, 1, 1),
	(22892, 14, 1, 1),
	(22892, 18, 1, 1),
	(22892, 19, 1, 1),
	(22892, 20, 1, 1),
	(22892, 21, 1, 1),
	(22892, 22, 1, 1),
	(22892, 23, 1, 1),
	(22892, 24, 1, 1),
	(22892, 25, 1, 1),
	(22892, 26, 1, 1),
	(22892, 27, 1, 1),
	(22892, 28, 1, 1),
	(22892, 29, 1, 1),
	(22892, 30, 1, 1),
	(22892, 31, 1, 1),
	(22706, 2, 1, 1),
	(22706, 4, 1, 1),
	(22706, 6, 1, 1),
	(22616, 2, 1, 1),
	(22616, 3, 1, 1),
	(22616, 4, 1, 1),
	(22616, 5, 1, 1),
	(22616, 6, 1, 1),
	(22616, 7, 1, 1),
	(22616, 8, 1, 1),
	(22616, 9, 1, 1),
	(22616, 10, 1, 1),
	(22616, 11, 1, 1),
	(22616, 12, 1, 1),
	(22616, 13, 1, 1),
	(22616, 14, 0, 0),
	(22616, 15, 1, 1),
	(22616, 16, 1, 1),
	(22616, 17, 1, 1),
	(22616, 18, 1, 1),
	(22616, 19, 1, 1),
	(22616, 20, 1, 1),
	(22616, 21, 1, 1),
	(22616, 22, 1, 1),
	(22616, 23, 1, 1),
	(22616, 24, 1, 1),
	(22616, 25, 1, 1),
	(22616, 26, 1, 1),
	(22616, 27, 1, 1),
	(22616, 28, 0, 0),
	(22616, 29, 1, 1),
	(22616, 30, 1, 1),
	(22616, 31, 1, 1),
	(18997, 1, 1, 1),
	(18997, 2, 1, 1),
	(18997, 3, 1, 1),
	(18997, 4, 1, 1),
	(18997, 7, 1, 1),
	(18997, 8, 1, 1),
	(18997, 9, 1, 1),
	(18997, 10, 1, 1),
	(18997, 11, 1, 1),
	(18997, 14, 1, 1),
	(18997, 15, 1, 1),
	(18997, 16, 0, 0),
	(18997, 17, 1, 1),
	(18997, 18, 1, 1),
	(18997, 21, 1, 1),
	(18997, 22, 1, 1),
	(18997, 23, 1, 1),
	(18997, 24, 1, 1),
	(18997, 25, 1, 1),
	(18997, 28, 1, 1),
	(18997, 29, 1, 1),
	(18997, 30, 1, 1),
	(18997, 31, 1, 1),
	(22785, 1, 1, 1),
	(22785, 2, 1, 1),
	(22785, 3, 1, 1),
	(22785, 4, 1, 1),
	(22785, 5, 1, 1),
	(22785, 6, 1, 1),
	(22785, 7, 1, 1),
	(22785, 8, 1, 1),
	(22785, 12, 1, 1),
	(22785, 13, 1, 1),
	(22785, 14, 1, 1),
	(22785, 15, 1, 1),
	(22785, 16, 1, 1),
	(22785, 17, 1, 1),
	(22785, 18, 1, 1),
	(22785, 19, 1, 1),
	(22785, 20, 1, 1),
	(22785, 21, 1, 1),
	(22785, 22, 1, 1),
	(22785, 23, 1, 1),
	(22785, 25, 1, 1),
	(22785, 26, 1, 1),
	(22785, 27, 1, 1),
	(22785, 28, 1, 1),
	(22785, 29, 1, 1),
	(22785, 30, 1, 1),
	(22785, 31, 1, 1),
	(23517, 1, 1, 1),
	(23517, 2, 1, 0),
	(23517, 3, 1, 0),
	(23517, 8, 1, 1),
	(23517, 9, 1, 1),
	(23517, 10, 1, 0),
	(23517, 11, 1, 1),
	(23517, 12, 1, 1),
	(23517, 13, 1, 1),
	(23517, 15, 1, 1),
	(23517, 16, 1, 1),
	(23517, 18, 1, 1),
	(23517, 19, 1, 1),
	(23517, 20, 1, 0),
	(23517, 22, 1, 1),
	(23517, 23, 1, 1),
	(23517, 25, 1, 0),
	(23517, 26, 1, 1),
	(23517, 27, 1, 1),
	(23517, 29, 1, 1),
	(23517, 30, 1, 1),
	(23517, 31, 1, 1),
	(23005, 9, 1, 0),
	(23005, 10, 1, 0),
	(23005, 11, 1, 0),
	(23005, 22, 0, 1),
	(23005, 23, 0, 1),
	(23005, 24, 0, 1),
	(23005, 25, 0, 1),
	(23005, 26, 0, 1),
	(23005, 29, 1, 0),
	(23005, 30, 0, 1),
	(23005, 31, 0, 1),
	(20191, 1, 1, 1),
	(20191, 2, 1, 1),
	(20191, 3, 1, 1),
	(20191, 4, 1, 1),
	(20191, 5, 1, 1),
	(20191, 6, 1, 1),
	(20191, 7, 1, 1),
	(22379, 1, 0, 0),
	(22379, 2, 1, 1),
	(22379, 3, 1, 1),
	(22379, 4, 1, 1),
	(22379, 5, 1, 1),
	(22379, 6, 1, 1),
	(22379, 7, 1, 1),
	(22379, 8, 1, 1),
	(22379, 9, 1, 1),
	(22379, 10, 1, 1),
	(22379, 11, 1, 1),
	(22379, 12, 1, 1),
	(22379, 13, 1, 1),
	(22379, 14, 1, 1),
	(22379, 15, 1, 1),
	(22379, 16, 1, 1),
	(22379, 17, 1, 1),
	(22379, 18, 1, 1),
	(22379, 19, 1, 1),
	(22379, 20, 1, 1),
	(22379, 21, 1, 1),
	(22379, 22, 1, 1),
	(22379, 23, 1, 1),
	(22379, 24, 1, 1),
	(22379, 25, 1, 1),
	(22379, 26, 1, 1),
	(22379, 27, 1, 1),
	(22379, 28, 1, 1),
	(22379, 29, 1, 1),
	(20557, 16, 1, 1),
	(20557, 18, 1, 1),
	(20557, 20, 1, 1),
	(20557, 22, 1, 1),
	(20557, 24, 1, 1),
	(20557, 26, 1, 1),
	(20557, 28, 1, 1),
	(20557, 30, 1, 1),
	(16185, 14, 1, 1),
	(16185, 21, 1, 1),
	(22604, 10, 1, 1),
	(22604, 11, 0, 0),
	(22604, 29, 1, 1),
	(22604, 30, 1, 1),
	(22604, 31, 1, 1),
	(4438, 32, 1, 1),
	(4438, 33, 1, 1),
	(4438, 34, 1, 1),
	(4438, 35, 1, 1),
	(4438, 36, 0, 1),
	(9191, 32, 1, 1),
	(9191, 33, 1, 1),
	(9191, 34, 1, 1),
	(6541, 32, 1, 1),
	(6541, 33, 1, 1),
	(6541, 34, 1, 1),
	(19718, 32, 1, 1),
	(19718, 35, 1, 1),
	(19718, 37, 1, 1),
	(19718, 39, 1, 1),
	(19718, 41, 1, 1),
	(19718, 42, 1, 1),
	(20076, 33, 1, 1),
	(20076, 38, 1, 1),
	(20934, 32, 1, 1),
	(20934, 33, 1, 1),
	(20934, 34, 1, 1),
	(20934, 35, 1, 1),
	(20934, 36, 1, 1),
	(20934, 37, 1, 1),
	(20934, 38, 1, 1),
	(20934, 39, 1, 1),
	(20934, 40, 1, 1),
	(20934, 41, 1, 1),
	(20934, 42, 1, 1),
	(15628, 34, 1, 1),
	(15628, 35, 1, 1),
	(15628, 41, 1, 1),
	(15628, 42, 1, 1),
	(11380, 34, 1, 1),
	(11380, 39, 1, 1),
	(11380, 40, 1, 1),
	(11380, 41, 1, 1),
	(19542, 40, 1, 1),
	(19539, 38, 1, 1),
	(19539, 40, 1, 1),
	(19539, 41, 1, 1),
	(19539, 42, 1, 1),
	(16174, 32, 1, 1),
	(16174, 33, 1, 1),
	(16174, 34, 1, 1),
	(16174, 35, 1, 1),
	(16174, 36, 1, 1),
	(16174, 37, 1, 1),
	(16174, 38, 1, 1),
	(16174, 39, 1, 1),
	(16174, 40, 1, 1),
	(16174, 41, 1, 1),
	(16174, 42, 1, 1),
	(16186, 32, 1, 1),
	(16186, 36, 1, 1),
	(16186, 37, 1, 1),
	(16186, 38, 1, 1),
	(16186, 39, 1, 1),
	(16186, 40, 1, 1),
	(13197, 33, 1, 1),
	(13197, 34, 1, 1),
	(13197, 35, 1, 1),
	(13197, 37, 1, 1),
	(13197, 38, 1, 1),
	(13197, 39, 1, 1),
	(13197, 41, 1, 1),
	(13197, 42, 1, 1),
	(19735, 34, 1, 1),
	(19735, 35, 1, 1),
	(19735, 41, 1, 1),
	(19735, 42, 1, 1),
	(19803, 32, 1, 1),
	(19803, 33, 1, 0),
	(19803, 34, 1, 1),
	(19803, 35, 1, 0),
	(19803, 36, 0, 1),
	(19803, 37, 1, 1),
	(19803, 38, 1, 1),
	(19803, 39, 1, 1),
	(19803, 40, 1, 1),
	(19803, 41, 1, 1),
	(19803, 42, 1, 1),
	(18789, 32, 1, 1),
	(18789, 33, 1, 1),
	(18789, 34, 1, 1),
	(18789, 35, 1, 1),
	(18789, 36, 1, 1),
	(18789, 37, 1, 1),
	(18789, 38, 1, 1),
	(18789, 39, 1, 1),
	(18789, 40, 1, 1),
	(18789, 41, 1, 1),
	(18789, 42, 1, 1),
	(20078, 32, 1, 1),
	(20078, 33, 1, 1),
	(20078, 35, 1, 1),
	(20078, 36, 1, 1),
	(20078, 37, 1, 1),
	(20078, 38, 1, 1),
	(20078, 39, 1, 1),
	(20078, 40, 1, 1),
	(20078, 41, 1, 1),
	(20078, 42, 1, 1),
	(21280, 32, 1, 1),
	(21280, 36, 1, 1),
	(21280, 37, 1, 1),
	(21280, 38, 1, 1),
	(21280, 41, 1, 1),
	(21280, 42, 1, 1),
	(12345, 32, 1, 1),
	(12345, 33, 1, 1),
	(12345, 34, 1, 1),
	(12345, 35, 1, 1),
	(12345, 36, 1, 1),
	(12345, 37, 1, 1),
	(12345, 38, 1, 1),
	(12345, 39, 1, 1),
	(12345, 40, 1, 1),
	(12345, 41, 1, 1),
	(12345, 42, 1, 1),
	(21632, 32, 1, 1),
	(21632, 33, 1, 1),
	(21632, 34, 1, 1),
	(21632, 35, 1, 1),
	(21632, 36, 1, 1),
	(21632, 38, 1, 1),
	(21632, 39, 1, 1),
	(21632, 40, 1, 1),
	(21632, 41, 1, 1),
	(21632, 42, 1, 1),
	(23818, 32, 1, 1),
	(23818, 35, 1, 1),
	(23818, 36, 0, 0),
	(23818, 37, 0, 0),
	(23818, 38, 1, 1),
	(23818, 39, 1, 1),
	(23818, 40, 1, 1),
	(23818, 42, 0, 0),
	(21631, 32, 1, 1),
	(21631, 33, 1, 1),
	(21631, 36, 1, 1),
	(21631, 37, 1, 1),
	(21631, 38, 1, 1),
	(21631, 39, 1, 1),
	(21631, 40, 1, 1),
	(21368, 32, 1, 1),
	(21368, 33, 1, 1),
	(21368, 34, 1, 1),
	(21368, 41, 1, 1),
	(21368, 42, 1, 1),
	(21849, 37, 0, 0),
	(21849, 38, 1, 1),
	(21849, 39, 1, 1),
	(21849, 40, 0, 0),
	(21813, 32, 1, 1),
	(21813, 33, 1, 1),
	(21813, 34, 1, 1),
	(21813, 35, 1, 1),
	(21813, 36, 1, 1),
	(21813, 37, 1, 1),
	(21813, 38, 1, 1),
	(21813, 39, 1, 1),
	(21813, 40, 1, 1),
	(21813, 41, 1, 1),
	(21813, 42, 1, 1),
	(21811, 32, 1, 1),
	(21811, 33, 1, 1),
	(21811, 34, 1, 1),
	(21811, 35, 1, 1),
	(21811, 36, 1, 1),
	(21811, 37, 1, 1),
	(21811, 38, 1, 1),
	(21811, 39, 1, 1),
	(21811, 40, 1, 1),
	(21811, 41, 1, 1),
	(21811, 42, 1, 1),
	(19719, 32, 1, 1),
	(19719, 33, 1, 1),
	(19719, 34, 1, 1),
	(19719, 35, 1, 1),
	(19719, 36, 1, 1),
	(19719, 37, 1, 1),
	(19719, 38, 1, 1),
	(19719, 39, 1, 1),
	(19719, 40, 1, 1),
	(19719, 41, 1, 1),
	(19719, 42, 1, 1),
	(21825, 32, 1, 1),
	(21825, 34, 1, 1),
	(21825, 38, 1, 1),
	(21825, 39, 1, 1),
	(21825, 40, 1, 1),
	(21825, 41, 1, 1),
	(21825, 42, 1, 1),
	(21822, 36, 1, 1),
	(21822, 37, 1, 1),
	(21822, 38, 1, 1),
	(21822, 39, 1, 1),
	(21822, 40, 1, 1),
	(21822, 41, 1, 1),
	(21822, 42, 1, 1),
	(22402, 36, 1, 1),
	(22402, 37, 1, 1),
	(22402, 38, 1, 1),
	(22402, 39, 1, 1),
	(22402, 41, 1, 1),
	(22402, 42, 1, 1),
	(21634, 35, 1, 1),
	(21634, 36, 1, 1),
	(21634, 37, 1, 1),
	(21634, 38, 1, 1),
	(21634, 39, 1, 1),
	(21634, 40, 1, 1),
	(21634, 41, 1, 1),
	(21634, 42, 1, 1),
	(21814, 34, 0, 0),
	(21814, 35, 0, 1),
	(22793, 34, 1, 1),
	(22793, 36, 1, 1),
	(22793, 38, 1, 1),
	(22793, 40, 1, 1),
	(22793, 41, 1, 1),
	(22766, 32, 1, 1),
	(22766, 33, 1, 1),
	(22766, 35, 0, 1),
	(22766, 36, 1, 1),
	(22766, 37, 1, 1),
	(22766, 38, 1, 1),
	(22766, 39, 1, 1),
	(22766, 40, 1, 1),
	(22766, 42, 1, 1),
	(23000, 32, 1, 1),
	(23000, 33, 1, 1),
	(23000, 36, 1, 1),
	(23000, 37, 1, 1),
	(23000, 38, 1, 1),
	(23000, 39, 1, 1),
	(23000, 40, 1, 1),
	(23000, 41, 1, 1),
	(23000, 42, 1, 1),
	(22610, 32, 1, 1),
	(22610, 33, 1, 0),
	(22610, 34, 1, 1),
	(22610, 35, 1, 1),
	(22610, 36, 1, 0),
	(22610, 37, 1, 0),
	(22610, 38, 1, 1),
	(22610, 39, 1, 1),
	(22600, 33, 1, 1),
	(22600, 34, 1, 1),
	(22600, 36, 1, 1),
	(22600, 37, 1, 1),
	(22600, 38, 1, 1),
	(22600, 40, 1, 1),
	(22600, 41, 1, 1),
	(22561, 32, 1, 1),
	(22561, 33, 1, 1),
	(22561, 36, 1, 1),
	(22561, 37, 1, 1),
	(22561, 38, 1, 1),
	(22561, 39, 1, 1),
	(22561, 40, 1, 1),
	(17738, 33, 1, 0),
	(17738, 35, 1, 0),
	(17738, 42, 1, 0),
	(22892, 32, 1, 1),
	(22892, 33, 1, 1),
	(22892, 36, 1, 1),
	(22892, 37, 1, 1),
	(22892, 38, 1, 1),
	(22892, 39, 1, 1),
	(22892, 41, 1, 1),
	(22892, 42, 1, 1),
	(22616, 32, 1, 1),
	(22616, 33, 1, 1),
	(22616, 34, 1, 1),
	(22616, 36, 1, 1),
	(22616, 37, 1, 1),
	(22616, 38, 1, 1),
	(22616, 39, 1, 1),
	(22616, 40, 1, 1),
	(18997, 32, 1, 1),
	(18997, 35, 1, 1),
	(18997, 36, 1, 1),
	(18997, 37, 1, 1),
	(18997, 38, 1, 1),
	(18997, 39, 1, 1),
	(18997, 42, 1, 1),
	(22785, 33, 1, 1),
	(22785, 34, 1, 1),
	(22785, 38, 1, 1),
	(22785, 39, 1, 1),
	(22785, 40, 1, 1),
	(22785, 41, 1, 1),
	(22785, 42, 1, 1),
	(23517, 33, 1, 1),
	(23517, 36, 1, 1),
	(23517, 37, 1, 1),
	(23517, 39, 1, 1),
	(23005, 32, 1, 1),
	(23005, 33, 0, 1),
	(23005, 34, 1, 1),
	(23005, 38, 1, 0),
	(23005, 39, 1, 0),
	(23005, 41, 0, 1),
	(20557, 32, 1, 1),
	(20557, 34, 1, 1),
	(20557, 36, 1, 1),
	(20557, 40, 1, 1),
	(20557, 42, 1, 1),
	(16185, 35, 1, 1),
	(16185, 42, 1, 1);

-- Dumping structure for table bd_praia.tb_escala
CREATE TABLE IF NOT EXISTS `tb_escala` (
  `id_escala` int(11) NOT NULL AUTO_INCREMENT,
  `id_nadador` int(11) DEFAULT NULL,
  `id_praia` int(11) DEFAULT NULL,
  `id_dia` int(11) DEFAULT NULL,
  `turno` varchar(255) DEFAULT NULL,
  `codigo` varchar(255) DEFAULT NULL,
  PRIMARY KEY (`id_escala`),
  KEY `id_nadador` (`id_nadador`),
  KEY `id_dia` (`id_dia`),
  KEY `id_praia` (`id_praia`),
  CONSTRAINT `tb_escala_ibfk_1` FOREIGN KEY (`id_nadador`) REFERENCES `tb_nadadores` (`id_nadador`),
  CONSTRAINT `tb_escala_ibfk_2` FOREIGN KEY (`id_dia`) REFERENCES `tb_dias` (`id_dia`),
  CONSTRAINT `tb_escala_ibfk_3` FOREIGN KEY (`id_praia`) REFERENCES `tb_praia` (`id_praia`)
) ENGINE=InnoDB AUTO_INCREMENT=3 DEFAULT CHARSET=utf8mb4;

-- Dumping data for table bd_praia.tb_escala: ~2 rows (approximately)
INSERT INTO `tb_escala` (`id_escala`, `id_nadador`, `id_praia`, `id_dia`, `turno`, `codigo`) VALUES
	(1, 4438, 1, 32, 'Manhã', NULL),
	(2, 6541, 1, 32, 'Manhã', NULL);

-- Dumping structure for table bd_praia.tb_historico
CREATE TABLE IF NOT EXISTS `tb_historico` (
  `id_escala` int(11) NOT NULL AUTO_INCREMENT,
  `escala` varchar(255) DEFAULT NULL,
  `data1` varchar(50) DEFAULT NULL,
  `data2` varchar(50) DEFAULT NULL,
  PRIMARY KEY (`id_escala`)
) ENGINE=InnoDB AUTO_INCREMENT=3 DEFAULT CHARSET=utf8mb4;

-- Dumping data for table bd_praia.tb_historico: ~2 rows (approximately)
INSERT INTO `tb_historico` (`id_escala`, `escala`, `data1`, `data2`) VALUES
	(1, 'De_8/1/2022_A_8/31/2022', '8/1/2022', '8/31/2022'),
	(2, 'De_9/1/2022_A_9/11/2022', '9/1/2022', '9/11/2022');

-- Dumping structure for table bd_praia.tb_login
CREATE TABLE IF NOT EXISTS `tb_login` (
  `id` int(11) NOT NULL AUTO_INCREMENT,
  `user` varchar(255) NOT NULL,
  `senha` varchar(300) NOT NULL,
  `admin` int(11) DEFAULT NULL,
  PRIMARY KEY (`id`)
) ENGINE=InnoDB AUTO_INCREMENT=8 DEFAULT CHARSET=utf8mb4;

-- Dumping data for table bd_praia.tb_login: ~5 rows (approximately)
INSERT INTO `tb_login` (`id`, `user`, `senha`, `admin`) VALUES
	(2, 'david', '$2y$10$KdWg3xXPODcNKD6RXSHm7e2mu5/cvqBtdzKijqtv1a5Ddo5xJjUxi', NULL),
	(3, 'epoca', '$2y$10$YXXu69O3Hh7mrcO56P2CjuXW2Lj/EHOahOoRscZ.8UE.2.8KqlYya', 0),
	(4, 'david', '$2y$10$totSx2iq5jIBwC.BQXbCn.SriaQHWiFKT9wWVNOM9svZgKoutSYLm', 0),
	(5, 'teste', '$2y$10$qFZDP.VR.qb.yKz6ozq2tuAZSW8AtTZbZ.aIoUS.14/E9orXOt/d2', 1),
	(6, 'teste2', '$2y$10$TeGdPE9hyK4RUmKMNTCjzuZLsrHX9DfRFN65eoOOEz68IpNvCbgsm', 0),
	(7, 'teste3', '$2y$10$toBthDeUckQIImMvUiLaH.9ZbXOb1WOvT5mdLbkqyoyqj3m9VHCBe', 0);

-- Dumping structure for table bd_praia.tb_nadadores
CREATE TABLE IF NOT EXISTS `tb_nadadores` (
  `id_nadador` int(11) NOT NULL,
  `nome` varchar(255) NOT NULL,
  `preferencia` varchar(255) DEFAULT NULL,
  PRIMARY KEY (`id_nadador`)
) ENGINE=InnoDB DEFAULT CHARSET=utf8mb4;

-- Dumping data for table bd_praia.tb_nadadores: ~74 rows (approximately)
INSERT INTO `tb_nadadores` (`id_nadador`, `nome`, `preferencia`) VALUES
	(4438, ' Frederico Azinhais Rosa', NULL),
	(6541, ' Hugo Figueiredo', NULL),
	(7582, ' Ricardo Sosua', 'Canide Norte'),
	(9191, ' Pedro Pereira', '0'),
	(11380, ' Ivo Leandro Lima Ribeiro', 'Amar'),
	(12138, ' Cesar Braga', 'Trabalhar com o Zé Pereira no daikiri ou Crestuma'),
	(12345, ' Rita Carvalho', 'praias do daikiri até praia de lavadores e areinho Oliveira de douro'),
	(13197, ' Hugo', 'Arnelas e lávadores norte amar'),
	(14011, ' José Silva', 'Trabalhar com o Braga Daikiri'),
	(14500, ' Rafael Jorge Moreira Silva', 'PAREDÃO'),
	(15626, ' Ivo Cardoso', NULL),
	(15628, ' Maria Calheiros', 'Granja'),
	(16174, ' Eduardo Madureira', NULL),
	(16185, ' Ivo', 'Arnelas'),
	(16186, ' Joana Teixeira', 'Avintes e sereia'),
	(16373, ' André Moreira', 'aguda'),
	(17249, ' Francisco Ferreira', 'Marbelo Daikiri Vibraçoes'),
	(17738, ' Vitória Isabela', 'Praias mais perto do Porto possível e que paguem refeição uma vez que sou vegan obrigada'),
	(18789, ' Diogo Lopes Pereira', 'Praia Sereira da Costa Verde'),
	(18997, ' Rafael Filipe Marques Silva', 'Praias'),
	(19457, ' Afonso', NULL),
	(19536, ' André Moita Ribeiro', 'Aqua Sereia Verde Grão'),
	(19539, ' Cláudio Filipe Marques dos Santos', 'Praias norte'),
	(19542, ' Edgar', 'oliveira do douro e sereia da costa verde'),
	(19547, ' Jose Pedro Oliveira Cardoso', 'Trabalhar com Pedro Amorim'),
	(19718, ' Fábio Miguel Rocha da Silva', NULL),
	(19719, ' GIL', 'Estrela do mar'),
	(19730, ' Pedro Miguel Martins Silva', 'miramar aguda norte com gil alguns dias'),
	(19735, ' Marisa Costa', 'Praia Estrela do Mar'),
	(19803, ' Afonso Martingo', 'ar d mar mar a vista dart'),
	(19806, ' Pedro Alexandre Santos Martins', 'Paredão'),
	(20076, ' Ruben Fernandes', NULL),
	(20078, ' Sergio Miguel', 'Marus'),
	(20191, ' Pedro Filipe Monteiro Teixeira', 'boca mar'),
	(20193, ' Hugo da Silva Pascoal', 'Aqua'),
	(20536, ' Diogo Trindade Pereira', 'Sereia'),
	(20557, ' Sergio Vieira', 'Arnelas'),
	(20934, ' Diogo Duarte Soares Dias', 'Um dia no Daikiri com o Tiago e um dia com o Edu no Ar de Mar'),
	(21123, ' Baltasar Santos', 'Amar'),
	(21252, ' Xavier Sousa Campos', NULL),
	(21278, ' David José Araújo Moita', 'Sereia'),
	(21279, ' Francisco', 'Aguda Norte ou Neptuno'),
	(21280, ' Guilherme Guerreiro Curado', 'Aguda Norte'),
	(21368, ' Inês Teixeira', 'Brasão estrela daikiri'),
	(21616, ' André de Sousa Botelho Ribeio', 'Falei com o Ricardo para Lavadores norte ou sul'),
	(21627, ' Gonçalo Moreira dos Santos', 'São Felix da Marinha'),
	(21631, ' Pedro Amorim', 'Daikiri'),
	(21632, ' Marcos Daniel Sousa Vitória', 'manuel teixeira daikiri'),
	(21634, ' Roberto de Jesus Aires Teixeira Bastos', 'Praia de Brito'),
	(21811, ' Carlos Fonseca', 'Lavadores sul'),
	(21813, ' Emanuel Moreira', 'Crestuma'),
	(21814, ' FERNANDO TIAGO FREIRE COELHO DA COSTA MENDES', 'Norte'),
	(21822, ' Pedro Emanuel Mano Lima', 'Canide norte'),
	(21825, ' Rui Américo Belo Ramos', 'Praia Madalena'),
	(21826, ' Tiago David da Silva Cunha', 'Daikiri'),
	(21849, ' João Miguel da Silva Lourenço', 'A mesma praia que o Thiago'),
	(22376, ' Vasco Walker Leitão Moreira Nogueira', NULL),
	(22379, ' Luis Alves', 'Lavadores Amar ou então tudo o que seja a norte do Grão de Areia'),
	(22400, ' Ricardo Basaloco', 'Brasão com Guilherme Oliveira'),
	(22402, ' Guilherme Oliveira', 'Moita e basaloco'),
	(22561, ' Joao Manuel Monteiro Arouca', 'vibrações paredão ar d mar'),
	(22600, ' Diogo Rafael Barbosa Nunes', NULL),
	(22604, ' Inês', NULL),
	(22610, ' Gonçalo Ferreira', 'Canidelo'),
	(22616, ' Manuel Alves da Silva Teixeira', 'Marcos Vitória Daikiri'),
	(22706, ' António Guilherme Freitas Moreira Guedes de Almeida', 'Bocamar'),
	(22766, ' José Mota', 'Areinho de Avintes'),
	(22785, ' Thiago Teixeira Brandão', NULL),
	(22793, ' Samuel da Costa Alves', 'Agosto'),
	(22892, ' Tiago Filipe Santos Macedo Costa', 'Praia da Granja Barraquinha'),
	(23000, ' Ana Rocha', 'Praia Cães'),
	(23005, ' Juliana Santos', NULL),
	(23517, ' Sofia Pratto', NULL),
	(23818, ' Diogo Cunha', 'Praia da Madalena');

-- Dumping structure for table bd_praia.tb_praia
CREATE TABLE IF NOT EXISTS `tb_praia` (
  `id_praia` int(11) NOT NULL AUTO_INCREMENT,
  `nome_praia` varchar(255) NOT NULL,
  `turno` varchar(255) NOT NULL,
  PRIMARY KEY (`id_praia`)
) ENGINE=InnoDB AUTO_INCREMENT=65 DEFAULT CHARSET=utf8mb4;

-- Dumping data for table bd_praia.tb_praia: ~55 rows (approximately)
INSERT INTO `tb_praia` (`id_praia`, `nome_praia`, `turno`) VALUES
	(1, 'Lavadores Norte - Amar', 'Manhã'),
	(2, 'Lavadores Norte - Amar', 'Tarde'),
	(3, 'Lavadores Sul - Cremosi', 'Manhã'),
	(4, 'Lavadores Sul - Cremosi', 'Tarde'),
	(5, 'Pedras Amarelas - Mucaba', 'Manhã'),
	(6, 'Pedras Amarelas - Mucaba', 'Tarde'),
	(7, 'Estrela do Mar Norte - Marus', 'Manhã'),
	(8, 'Estrela do Mar Norte - Marus', 'Tarde'),
	(9, 'Estrela do Mar Sul - Mar a vista', 'Manhã'),
	(10, 'Estrela do Mar Sul - Mar a vista', 'Tarde'),
	(11, 'Salgueiros - Aqua', 'Manhã'),
	(12, 'Salgueiros - Aqua', 'Tarde'),
	(13, 'Praia da Mimosa - Dart', 'Manhã'),
	(14, 'Praia da Mimosa - Dart', 'Tarde'),
	(15, 'Sereia da Costa Verde - Bar do Manel', 'Manhã'),
	(16, 'Sereia da Costa Verde - Bar do Manel', 'Tarde'),
	(17, 'Canide Norte - Grão de areia', 'Manhã'),
	(18, 'Canide Norte - Grão de areia', 'Tarde'),
	(19, 'Canide Norte - Ar de mar', 'Manhã'),
	(20, 'Canide Norte - Ar de mar', 'Tarde'),
	(21, 'Canide Sul - Paredão', 'Manhã'),
	(22, 'Canide Sul - Paredão', 'Tarde'),
	(23, 'Marbelo', 'Manhã'),
	(24, 'Marbelo', 'Tarde'),
	(25, 'Madalena Norte - Vibrações', 'Manhã'),
	(26, 'Madalena Norte - Vibrações', 'Tarde'),
	(27, 'Madalena Sul - Daikiri', 'Manhã'),
	(28, 'Madalena Sul - Daikiri', 'Tarde'),
	(29, 'Miramar Norte - Neca"', 'Manhã'),
	(30, 'Miramar Norte - Neca"', 'Tarde'),
	(31, 'Miramar Sul - Bano', 'Manhã'),
	(32, 'Miramar Sul - Bano', 'Tarde'),
	(33, 'Mar e Sol - Neptuno', 'Manhã'),
	(34, 'Mar e Sol - Neptuno', 'Tarde'),
	(35, 'Aguda Norte', 'Manhã'),
	(36, 'Aguda Norte', 'Tarde'),
	(37, 'Granja - Barraquinha', 'Manhã'),
	(38, 'Granja - Barraquinha', 'Tarde'),
	(39, 'São Felix da Marinha - S. Martino', 'Manhã'),
	(40, 'São Felix da Marinha - S. Martino', 'Tarde'),
	(41, 'Areinho Oliveira Douro', 'Manhã'),
	(42, 'Areinho Oliveira Douro', 'Tarde'),
	(43, 'Areinho Avintes', 'Manhã'),
	(44, 'Areinho Avintes', 'Tarde'),
	(45, 'Areinho Arnelas', 'Manhã'),
	(46, 'Areinho Arnelas', 'Tarde'),
	(47, 'Areinho de Crestuma', 'Manhã'),
	(48, 'Areinho de Crestuma', 'Tarde'),
	(49, 'Reserva', 'Manhã'),
	(50, 'Reserva', 'Tarde'),
	(51, 'Areinho lever', 'Manhã'),
	(52, 'Areinho lever', 'Tarde');

/*!40103 SET TIME_ZONE=IFNULL(@OLD_TIME_ZONE, 'system') */;
/*!40101 SET SQL_MODE=IFNULL(@OLD_SQL_MODE, '') */;
/*!40014 SET FOREIGN_KEY_CHECKS=IFNULL(@OLD_FOREIGN_KEY_CHECKS, 1) */;
/*!40101 SET CHARACTER_SET_CLIENT=@OLD_CHARACTER_SET_CLIENT */;
/*!40111 SET SQL_NOTES=IFNULL(@OLD_SQL_NOTES, 1) */;
